Datetime,Water Level (m)
2025-02-13 18:00:00,-0.018966619
2025-02-13 19:00:00,-0.019669294
2025-02-13 20:00:00,-0.022942498
2025-02-13 21:00:00,-0.029125057
2025-02-13 22:00:00,-0.03534767
2025-02-13 23:00:00,-0.037833773
2025-02-14 00:00:00,-0.03638414
2025-02-14 01:00:00,-0.032048613
2025-02-14 02:00:00,-0.026240457
2025-02-14 03:00:00,-0.019886056
2025-02-14 04:00:00,-0.014103521
2025-02-14 05:00:00,-0.009141287
2025-02-14 06:00:00,-0.0049022543
2025-02-14 07:00:00,-0.0021327545
2025-02-14 08:00:00,-0.0025966414
2025-02-14 09:00:00,-0.006820257
2025-02-14 10:00:00,-0.013551865
2025-02-14 11:00:00,-0.019356143
2025-02-14 12:00:00,-0.021650396
2025-02-14 13:00:00,-0.021015348
2025-02-14 14:00:00,-0.019580625
2025-02-14 15:00:00,-0.019149022
2025-02-14 16:00:00,-0.019000553
2025-02-14 17:00:00,-0.018265644
2025-02-14 18:00:00,-0.017341034
2025-02-14 19:00:00,-0.017475689
2025-02-14 20:00:00,-0.020085
2025-02-14 21:00:00,-0.025991132
2025-02-14 22:00:00,-0.03412855
2025-02-14 23:00:00,-0.04055024
2025-02-15 00:00:00,-0.042591263
2025-02-15 01:00:00,-0.04078852
2025-02-15 02:00:00,-0.03699816
2025-02-15 03:00:00,-0.033187658
2025-02-15 04:00:00,-0.029471124
2025-02-15 05:00:00,-0.025457073
2025-02-15 06:00:00,-0.021242738
2025-02-15 07:00:00,-0.017892018
2025-02-15 08:00:00,-0.017021945
2025-02-15 09:00:00,-0.01949703
2025-02-15 10:00:00,-0.025196573
2025-02-15 11:00:00,-0.03153782
2025-02-15 12:00:00,-0.03481717
2025-02-15 13:00:00,-0.034591515
2025-02-15 14:00:00,-0.032797858
2025-02-15 15:00:00,-0.031219488
2025-02-15 16:00:00,-0.029581744
2025-02-15 17:00:00,-0.027478846
2025-02-15 18:00:00,-0.025150893
2025-02-15 19:00:00,-0.023606965
2025-02-15 20:00:00,-0.023946058
2025-02-15 21:00:00,-0.027190264
2025-02-15 22:00:00,-0.033537373
2025-02-15 23:00:00,-0.040044017
2025-02-16 00:00:00,-0.04312253
2025-02-16 01:00:00,-0.04249089
2025-02-16 02:00:00,-0.03940791
2025-02-16 03:00:00,-0.03590055
2025-02-16 04:00:00,-0.03262236
2025-02-16 05:00:00,-0.029537724
2025-02-16 06:00:00,-0.02631395
2025-02-16 07:00:00,-0.023284387
2025-02-16 08:00:00,-0.021968393
2025-02-16 09:00:00,-0.023173468
2025-02-16 10:00:00,-0.027548417
2025-02-16 11:00:00,-0.03483135
2025-02-16 12:00:00,-0.040941525
2025-02-16 13:00:00,-0.043133102
2025-02-16 14:00:00,-0.042283375
2025-02-16 15:00:00,-0.03993169
2025-02-16 16:00:00,-0.03740433
2025-02-16 17:00:00,-0.035445776
2025-02-16 18:00:00,-0.03358036
2025-02-16 19:00:00,-0.031406995
2025-02-16 20:00:00,-0.030070558
2025-02-16 21:00:00,-0.031352885
2025-02-16 22:00:00,-0.0361833
2025-02-16 23:00:00,-0.0428067
2025-02-17 00:00:00,-0.047558017
2025-02-17 01:00:00,-0.048799224
2025-02-17 02:00:00,-0.046968717
2025-02-17 03:00:00,-0.043988477
2025-02-17 04:00:00,-0.041539844
2025-02-17 05:00:00,-0.039517455
2025-02-17 06:00:00,-0.0373407
2025-02-17 07:00:00,-0.034968875
2025-02-17 08:00:00,-0.033318676
2025-02-17 09:00:00,-0.034072287
2025-02-17 10:00:00,-0.038141366
2025-02-17 11:00:00,-0.045243002
2025-02-17 12:00:00,-0.052745093
2025-02-17 13:00:00,-0.056797408
2025-02-17 14:00:00,-0.057082333
2025-02-17 15:00:00,-0.054836277
2025-02-17 16:00:00,-0.053397294
2025-02-17 17:00:00,-0.053187348
2025-02-17 18:00:00,-0.05273604
2025-02-17 19:00:00,-0.051926643
2025-02-17 20:00:00,-0.05110335
2025-02-17 21:00:00,-0.05176627
2025-02-17 22:00:00,-0.0552991
2025-02-17 23:00:00,-0.061274793
2025-02-18 00:00:00,-0.06707531
2025-02-18 01:00:00,-0.07004868
2025-02-18 02:00:00,-0.070120364
2025-02-18 03:00:00,-0.06849198
2025-02-18 04:00:00,-0.067079805
2025-02-18 05:00:00,-0.06643732
2025-02-18 06:00:00,-0.06602133
2025-02-18 07:00:00,-0.065165095
2025-02-18 08:00:00,-0.06418443
2025-02-18 09:00:00,-0.06462662
2025-02-18 10:00:00,-0.06763572
2025-02-18 11:00:00,-0.073552646
2025-02-18 12:00:00,-0.08091239
2025-02-18 13:00:00,-0.08558908
2025-02-18 14:00:00,-0.086499184
2025-02-18 15:00:00,-0.08616656
2025-02-18 16:00:00,-0.08524437
2025-02-18 17:00:00,-0.08411852
2025-02-18 18:00:00,-0.08272003
2025-02-18 19:00:00,-0.08098036
2025-02-18 20:00:00,-0.079360224
2025-02-18 21:00:00,-0.07867984
2025-02-18 22:00:00,-0.0797739
2025-02-18 23:00:00,-0.08345931
2025-02-19 00:00:00,-0.08818548
2025-02-19 01:00:00,-0.09119312
2025-02-19 02:00:00,-0.09149534
2025-02-19 03:00:00,-0.089844726
2025-02-19 04:00:00,-0.08814263
2025-02-19 05:00:00,-0.087486796
2025-02-19 06:00:00,-0.08763409
2025-02-19 07:00:00,-0.08742204
2025-02-19 08:00:00,-0.08682439
2025-02-19 09:00:00,-0.08694725
2025-02-19 10:00:00,-0.08953887
2025-02-19 11:00:00,-0.09300053
2025-02-19 12:00:00,-0.09865331
2025-02-19 13:00:00,-0.106748894
2025-02-19 14:00:00,-0.11063564
2025-02-19 15:00:00,-0.11322005
2025-02-19 16:00:00,-0.11433617
2025-02-19 17:00:00,-0.11368137
2025-02-19 18:00:00,-0.11230815
